bike_name,price,city,kms_driven,owner,age,power,brand
TVS Star City Plus Dual Tone 110cc,35000,Ahmedabad,17654,First Owner,3,110,TVS
Royal Enfield Classic 350cc,119900,Delhi,11000,First Owner,4,350,Royal Enfield
Triumph Daytona 675R,600000,Delhi,110,First Owner,8,675,Triumph
TVS Apache RTR 180cc,65000,Bangalore,16329,First Owner,4,180,TVS
Yamaha FZ S V 2.0 150cc-Ltd. Edition,80000,Bangalore,10000,First Owner,3,150,Yamaha
Yamaha FZs 150cc,53499,Delhi,25000,First Owner,6,150,Yamaha
Honda CB Hornet 160R  ABS DLX,85000,Delhi,8200,First Owner,3,160,Honda
Hero Splendor Plus Self Alloy 100cc,45000,Delhi,12645,First Owner,3,100,Hero
Royal Enfield Thunderbird X 350cc,145000,Bangalore,9190,First Owner,3,350,Royal Enfield
Royal Enfield Classic Desert Storm 500cc,88000,Delhi,19000,Second Owner,7,500,Royal Enfield
Yamaha YZF-R15 2.0 150cc,72000,Bangalore,20000,First Owner,7,150,Yamaha
Yamaha FZ25 250cc,95000,Bangalore,9665,First Owner,4,250,Yamaha
Bajaj Pulsar NS200,78000,Bangalore,9900,First Owner,4,200,Bajaj
Bajaj Discover 100M,29499,Delhi,20000,First Owner,8,100,Bajaj
Bajaj Discover 125M,29900,Delhi,20000,First Owner,7,125,Bajaj
Bajaj Pulsar NS200 ABS,90000,Bangalore,11574,First Owner,3,200,Bajaj
Bajaj Pulsar RS200 ABS,120000,Bangalore,23000,First Owner,3,200,Bajaj
Suzuki Gixxer SF 150cc,48000,Mumbai,24725,First Owner,5,150,Suzuki
Benelli 302R 300CC,240000,Mumbai,15025,Second Owner,3,302,Benelli
Bajaj Discover 125M,29900,Delhi,20000,First Owner,7,125,Bajaj
Bajaj Pulsar RS200 ABS,120000,Bangalore,23000,First Owner,3,200,Bajaj
Suzuki Gixxer SF 150cc,48000,Mumbai,24725,First Owner,5,150,Suzuki
Hero Splendor iSmart Plus IBS 110cc,46500,Delhi,3500,First Owner,2,110,Hero
Royal Enfield Classic Chrome 500cc,121700,Kalyan,24520,First Owner,5,500,Royal Enfield
Yamaha FZ V 2.0 150cc,45000,Delhi,23000,First Owner,6,150,Yamaha
Bajaj Pulsar NS200,78000,Bangalore,9900,First Owner,4,200,Bajaj
Hero Super Splendor 125cc,20000,Ahmedabad,29305,First Owner,16,125,Hero
Honda CBF Stunner 125cc,20800,Faridabad,30500,Second Owner,7,125,Honda
Bajaj Pulsar 150cc,50000,Bangalore,19000,First Owner,8,150,Bajaj
Honda X-Blade 160CC ABS,81200,Mettur,9100,First Owner,2,160,Honda
Bajaj Pulsar NS200,88000,Hyderabad,21914,First Owner,3,200,Bajaj
Yamaha YZF-R15 2.0 150cc,80000,Kaithal,20000,Second Owner,4,150,Yamaha
Bajaj Avenger 220cc,40900,Gurgaon,15000,First Owner,6,220,Bajaj
KTM RC 390cc,180000,Pune,17700,First Owner,4,390,KTM
Honda CB Unicorn 150cc,40000,Noida,30000,First Owner,8,150,Honda
KTM Duke 200cc,70000,Nashik,100000,Second Owner,8,200,KTM
Royal Enfield Classic 350cc,98800,Kochi,39000,First Owner,5,350,Royal Enfield
Honda CBR 150R 150cc,65000,Allahabad,43000,First Owner,6,150,Honda
Royal Enfield Thunderbird X 500cc,190500,Samastipur,4550,First Owner,2,500,Royal Enfield
KTM RC 200cc ABS,179000,Bangalore,3400,First Owner,2,200,KTM
Royal Enfield Thunderbird 350cc,70000,Nadiad,45000,First Owner,8,350,Royal Enfield
Bajaj Avenger 220cc,45000,Hyderabad,36100,First Owner,6,220,Bajaj
Royal Enfield Bullet Electra 350cc,78000,Lucknow,8500,First Owner,13,350,Royal Enfield
Bajaj Avenger Street 220 ABS,110000,Bangalore,2550,First Owner,2,220,Bajaj
Royal Enfield Classic 350cc,85000,Delhi,18000,First Owner,6,350,Royal Enfield
Bajaj Pulsar NS200,38000,Delhi,35000,First Owner,9,200,Bajaj
Royal Enfield Thunderbird 350cc,55346,Noida,38000,First Owner,10,350,Royal Enfield
Mahindra Centuro NXT 110cc,28000,Jaipur,45000,First Owner,2,110,Mahindra
Hero Hunk 150cc,37000,Mumbai,10800,First Owner,8,150,Hero
Suzuki Gixxer SF Fi 150cc SP ABS,97000,Delhi,4400,First Owner,3,150,Suzuki
Yamaha FZ 150cc,40000,Karnal,357000,First Owner,8,150,Yamaha
Royal Enfield‎ Bullet 350cc,90000,Delhi,15300,First Owner,7,350,Royal Enfield
TVS Apache RTR 160cc,60000,Mumbai,30000,First Owner,5,160,TVS
Honda CB Shine 125cc,21900,Gorakhpur,30000,Second Owner,7,125,Honda
Bajaj Avenger 220cc,40000,Ahmedabad,64000,First Owner,7,220,Bajaj
Benelli TNT 600i ABS,475000,Mumbai,11500,Second Owner,3,600,Benelli
Honda Dream Yuga 110cc,34500,Ahmedabad,17056,First Owner,5,110,Honda
Yamaha SZ 150cc,25000,Vidisha,172082,First Owner,9,150,Yamaha
Suzuki Gixxer 150cc,30200,Bangalore,45000,First Owner,7,150,Suzuki
Bajaj Avenger Cruise 220,65000,Hosur,35000,First Owner,5,220,Bajaj
Bajaj Pulsar 150cc,25000,Mumbai,38000,First Owner,9,150,Bajaj
Kawasaki Z900,935000,Bagalkot,2500,First Owner,2,900,Kawasaki
Royal Enfield Bullet Electra 350cc,107100,Delhi,15438,Second Owner,3,350,Royal Enfield
Bajaj Pulsar 220cc,80000,Delhi,6000,First Owner,3,220,Bajaj
Royal Enfield Thunderbird 350cc,88000,Delhi,19000,First Owner,5,350,Royal Enfield
KTM Duke 200cc,94700,Baripara,32700,First Owner,4,200,KTM
Hero CD Deluxe 100cc,12200,Agra,46643,First Owner,14,100,Hero
Royal Enfield Classic 350cc,106000,Delhi,19000,First Owner,6,350,Royal Enfield
Bajaj Pulsar 220cc,29500,Hyderabad,40700,First Owner,12,220,Bajaj
Kawasaki Ninja 650cc,290000,Dharwad,11350,First Owner,7,650,Kawasaki
Royal Enfield Thunderbird 350cc,110000,Delhi,1600,First Owner,6,350,Royal Enfield
Bajaj Platina 125cc,27000,Vadodara,44410,First Owner,10,125,Bajaj
Royal Enfield Thunderbird 350cc,65000,Jalandhar,9800,First Owner,11,350,Royal Enfield
Royal Enfield Thunderbird X 350cc,150000,Bangalore,15000,First Owner,3,350,Royal Enfield
Hero Karizma ZMR 223cc,55786,Surat,68000,Second Owner,7,223,Hero
Bajaj Pulsar 180cc,45000,Bangalore,17757,First Owner,8,180,Bajaj
Yamaha FZ25 ABS 250cc,146000,Chennai,3900,First Owner,2,250,Yamaha
Royal Enfield Thunderbird 350cc,115000,Bangalore,23700,First Owner,4,350,Royal Enfield
Bajaj CT 100 100cc,30000,Noida,8250,First Owner,3,100,Bajaj
Bajaj Pulsar RS200 ABS,93100,Mumbai,10000,First Owner,5,200,Bajaj
Yamaha YZF-R15 2.0 150cc,82000,Mumbai,4300,Second Owner,3,150,Yamaha
Royal Enfield Interceptor 650cc,260000,Navi Mumbai,3800,First Owner,2,650,Royal Enfield
Honda CB Shine 125cc,38000,Bangalore,33000,First Owner,7,125,Honda
KTM Duke 250cc,130000,Gandhidham,17500,Second Owner,4,250,KTM
Royal Enfield Himalayan 410cc,118000,Gurgaon,19000,First Owner,4,410,Royal Enfield
Bajaj Pulsar 135LS,14700,Delhi,10000,First Owner,11,135,Bajaj
Royal Enfield Thunderbird 350cc,85000,Chennai,54000,First Owner,6,350,Royal Enfield
Bajaj Pulsar 220F,40000,Mumbai,27000,First Owner,7,220,Bajaj
Yamaha FZ16 150cc,50000,Bangalore,19000,First Owner,6,150,Yamaha
Royal Enfield Thunderbird 350cc,71800,Mumbai,43500,First Owner,7,350,Royal Enfield
Royal Enfield Thunderbird 350cc,71800,Mumbai,43500,First Owner,7,350,Royal Enfield
Bajaj Pulsar NS200,75000,Bangalore,11575,First Owner,4,200,Bajaj
Ducati Scrambler 1100 Special,1350000,Mumbai,190,First Owner,1,1100,Ducati
Triumph Street Triple 765,790000,Mumbai,19000,First Owner,3,765,Triumph
Bajaj V15 150cc,47000,Bangalore,8600,First Owner,4,150,Bajaj
Bajaj Pulsar 150cc,60000,Pune,2000,First Owner,2,150,Bajaj
Suzuki Gixxer Fi 150cc ABS,96700,Vadodara,5100,First Owner,1,150,Suzuki
Hero Splendor plus 100cc,31900,Delhi,9000,First Owner,5,100,Hero
Bajaj Pulsar 150cc,35000,Visakhapatnam,44480,First Owner,13,150,Bajaj
KTM Duke 390cc,240000,Bangalore,11000,First Owner,3,390,KTM
Honda CBR 250R,68000,Delhi,16000,First Owner,7,250,Honda
Bajaj Pulsar RS200,80000,Bangalore,26691,First Owner,5,200,Bajaj
Royal Enfield Classic 350cc,135000,Bangalore,45000,First Owner,5,350,Royal Enfield
Bajaj Pulsar 150cc,11100,Pune,12000,Third Owner,12,150,Bajaj
Benelli TNT 600i,480000,Mumbai,14200,First Owner,4,600,Benelli
Suzuki Gixxer 150cc SP Rear Disc,65000,Thrissur,41000,First Owner,3,150,Suzuki
Yamaha FZ S V 2.0 150cc,60000,Bangalore,15000,First Owner,5,150,Yamaha
Honda CBR 150R 150cc,80000,Bangalore,12314,First Owner,4,150,Honda
Hero Splendor Plus Self Alloy 100cc,46000,Delhi,11760,First Owner,3,100,Hero
Royal Enfield Classic 500cc,95000,Bangalore,22000,First Owner,11,500,Royal Enfield
Hyosung GT650R,400000,Delhi,1800,First Owner,4,650,Hyosung
Bajaj V15 150cc,55000,Bangalore,4400,First Owner,4,150,Bajaj
Yamaha YZF-R15 S 150cc,63000,Delhi,16000,First Owner,5,150,Yamaha
Bajaj V15 150cc,51000,Faridabad,9000,First Owner,4,150,Bajaj
TVS Apache RTR 160 4V Disc,69900,Delhi,8700,First Owner,3,160,TVS
Bajaj Pulsar RS200 ABS,125000,Gorakhpur,1342,First Owner,4,200,Bajaj
Benelli TNT 300,210000,Kolkata,21000,First Owner,6,300,Benelli
Honda CB ShineSP 125cc,35900,Delhi,19000,First Owner,5,125,Honda
Honda CBR 250R,67000,Delhi,13000,First Owner,9,250,Honda
Hero Passion Pro 100cc,29339,Ernakulam,12771,First Owner,4,100,Hero
Hero Splendor Plus 100cc,19695,Ernakulam,51576,First Owner,6,100,Hero
Hero Splendor iSmart Plus IBS 110cc,48672,Ernakulam,608,First Owner,2,110,Hero
Honda CBR 150R 150cc,40000,Mumbai,13680,First Owner,9,150,Honda
Yamaha YZF R6 600cc,500000,Bangalore,285,First Owner,5,600,Yamaha
Ducati 1299 Superleggera,800000,Mumbai,3,First Owner,3,1299,Ducati
Royal Enfield Himalayan 410cc,110000,Bangalore,24676,First Owner,5,410,Royal Enfield
Royal Enfield Classic 350cc,92500,Delhi,11000,First Owner,6,350,Royal Enfield
Bajaj Pulsar NS200,57000,Bangalore,28948,First Owner,5,200,Bajaj
Royal Enfield Electra 350cc,72500,Delhi,10000,First Owner,10,350,Royal Enfield
KTM Duke 200cc,68000,Delhi,16000,First Owner,9,200,KTM
TVS Phoenix Disc 125cc,21500,Barasat,10500,First Owner,5,125,TVS
TVS Apache RTR 160cc,40000,Delhi,20000,First Owner,6,160,TVS
Royal Enfield Classic 350cc,91000,Delhi,18000,First Owner,5,350,Royal Enfield
Harley-Davidson Street 750,300000,Ghaziabad,3500,First Owner,6,750,Harley-Davidson
Suzuki Gixxer SF 150cc,47000,Jaipur,70000,First Owner,6,150,Suzuki
Suzuki Gixxer 150cc,53000,Bangalore,18158,First Owner,6,150,Suzuki
Suzuki Gixxer 150cc,51000,Bangalore,39140,First Owner,5,150,Suzuki
Bajaj Pulsar 220F,48000,Bangalore,27776,First Owner,8,220,Bajaj
Bajaj Pulsar 220cc,55000,Bangalore,32734,First Owner,6,220,Bajaj
Royal Enfield Himalayan 410cc Fi ABS,173300,Vadodara,14000,First Owner,2,410,Royal Enfield
Royal Enfield Bullet Electra 350cc,77000,Delhi,13000,First Owner,8,350,Royal Enfield
Bajaj Pulsar NS200,115000,Bangalore,5000,First Owner,2,200,Bajaj
Bajaj Discover 150cc,36000,Hyderabad,39500,First Owner,7,150,Bajaj
Bajaj Avenger Street 220,72000,Hyderabad,29500,First Owner,4,220,Bajaj
Royal Enfield Standard 350cc,115000,Hyderabad,14900,First Owner,3,350,Royal Enfield
Honda CB Shine 125cc Disc,65000,Mumbai,2000,First Owner,3,125,Honda
Honda CB Unicorn ABS 150cc,99000,Mumbai,4000,First Owner,2,150,Honda
Yamaha YZF-R15 2.0 150cc,68500,Delhi,68500,Second Owner,7,150,Yamaha
Yamaha YZF-R15 V3 150cc,140000,Delhi,2473,First Owner,2,150,Yamaha
KTM Duke 200cc,130000,Delhi,9221,First Owner,3,200,KTM
Bajaj Pulsar NS 200,46000,Delhi,37128,First Owner,7,200,Bajaj
Hero Super Splendor 125cc,30000,Delhi,16166,First Owner,6,125,Hero
Bajaj Dominar 400,116000,Delhi,11716,First Owner,3,400,Bajaj
Royal Enfield Classic 350cc,130000,Delhi,8419,First Owner,3,350,Royal Enfield
Royal Enfield Classic 350cc,98000,Delhi,13459,First Owner,5,350,Royal Enfield
Royal Enfield Classic 350cc,85000,Delhi,14704,First Owner,6,350,Royal Enfield
Royal Enfield Himalayan 410cc,110000,Bangalore,24676,First Owner,5,410,Royal Enfield
Royal Enfield Himalayan 410cc Fi ABS,173300,Vadodara,14000,First Owner,2,410,Royal Enfield
Bajaj V15 150cc,50000,Delhi,9200,First Owner,4,150,Bajaj
Royal Enfield Thunderbird 350cc,100000,Bangalore,30294,First Owner,5,350,Royal Enfield
Royal Enfield Thunderbird 350cc,66000,Delhi,19756,First Owner,8,350,Royal Enfield
Royal Enfield Bullet Electra 350cc,77000,Delhi,13000,First Owner,8,350,Royal Enfield
Royal Enfield Classic 350cc,92500,Delhi,11000,First Owner,6,350,Royal Enfield
Bajaj Pulsar NS200,57000,Bangalore,28948,First Owner,5,200,Bajaj
Royal Enfield Electra 350cc,72500,Delhi,10000,First Owner,10,350,Royal Enfield
Honda X-Blade 160cc,80000,Kolkata,12000,First Owner,2,160,Honda
Royal Enfield Classic 350cc,123600,Jaipur,7702,First Owner,3,350,Royal Enfield
Suzuki Hayabusa 1300cc,950000,Chennai,312,First Owner,3,1300,Suzuki
Royal Enfield Classic 350cc,107000,Ahmedabad,17000,First Owner,4,350,Royal Enfield
Ducati Monster 821 Dark,600000,Bangalore,16000,First Owner,5,821,Ducati
Yamaha FZ S V 2.0 150cc Rear Disc,80000,Delhi,3500,First Owner,3,150,Yamaha
Suzuki Gixxer SF 150cc Special MOTOGP Edition Rear Disc,75000,Bhubaneshwar,11050,First Owner,4,150,Suzuki
Hero Super Splendor 125cc,43778,Ernakulam,948,First Owner,2,125,Hero
KTM RC 200cc,118000,Delhi,11200,Second Owner,5,200,KTM
Yamaha FZ V 2.0 150cc,68000,Bangalore,10407,First Owner,5,150,Yamaha
Bajaj Discover 125ST,27000,Bangalore,23000,First Owner,8,125,Bajaj
Hero Splendor Plus Kick Alloy 100cc,48500,Delhi,5500,First Owner,2,100,Hero
Hero Karizma 223cc,15000,Delhi,38000,First Owner,15,223,Hero
KTM Duke 200cc,95000,Navi Mumbai,23000,First Owner,5,200,KTM
KTM Duke 200cc,145000,Amritsar,4500,First Owner,4,200,KTM
Yamaha FZs 150cc,62000,Delhi,11227,First Owner,3,150,Yamaha
Hero Splendor 100cc,25000,Hyderabad,45000,First Owner,9,100,Hero
Ducati 1198 SP 1198cc,700000,Ahmedabad,100,First Owner,6,1198,Ducati
Royal Enfield Bullet 500cc,160000,Bangalore,3500,First Owner,3,500,Royal Enfield
Bajaj Avenger Street 220,47500,Mumbai,30000,First Owner,5,220,Bajaj
Yamaha Fazer 150cc,21000,Bagalkot,38000,First Owner,9,150,Yamaha
Yamaha Gladiator 125cc,18000,Bhopal,22000,First Owner,12,125,Yamaha
Hero Karizma R 223cc,36000,Bangalore,54560,First Owner,8,223,Hero
Yamaha FZ 150cc,52000,Bangalore,33150,First Owner,6,150,Yamaha
Harley-Davidson Iron 883,435000,Jaipur,5550,Second Owner,7,883,Harley-Davidson
TVS Apache RTR 200 4V Fi,68000,Bangalore,12077,First Owner,5,200,TVS
Bajaj Pulsar 220cc,80000,Pune,5000,First Owner,4,220,Bajaj
Royal Enfield Classic Desert Storm 500cc,110800,Mumbai,13300,First Owner,6,500,Royal Enfield
TVS Apache RTR 160 4V DISC ABS BS6,85000,Hyderabad,16000,First Owner,2,160,TVS
Royal Enfield Electra 350cc,145000,Bangalore,4000,First Owner,2,350,Royal Enfield
Bajaj Dominar 400 ABS,145000,Bangalore,3000,First Owner,3,400,Bajaj
Royal Enfield Classic Gunmetal Grey 350cc,149000,Mumbai,7000,First Owner,3,350,Royal Enfield
Hero HF Deluxe i3s iBS 100cc,60000,Mumbai,4000,First Owner,2,100,Hero
Royal Enfield Classic 350cc,140000,Mumbai,11000,First Owner,4,350,Royal Enfield
KTM Duke 200cc,85000,Mumbai,15000,First Owner,7,200,KTM
Bajaj Pulsar 220cc,86000,Mumbai,15000,First Owner,3,220,Bajaj
Royal Enfield Bullet Electra 350cc,115000,Hyderabad,15500,First Owner,4,350,Royal Enfield
Suzuki Gixxer SF Fi 150cc ABS,83000,Bangalore,500,First Owner,3,150,Suzuki
KTM Duke 200cc,85000,Mumbai,15000,First Owner,7,200,KTM
Bajaj Pulsar 220cc,86000,Mumbai,15000,First Owner,3,220,Bajaj
Royal Enfield Bullet Electra 350cc,115000,Hyderabad,15500,First Owner,4,350,Royal Enfield
Suzuki Gixxer SF Fi 150cc ABS,83000,Bangalore,500,First Owner,3,150,Suzuki
Bajaj Pulsar 180cc,28000,Bangalore,35251,First Owner,12,180,Bajaj
Hero Splendor Plus 100cc,14500,Delhi,35000,First Owner,14,100,Hero
Hero Splendor iSmart 110cc,32000,Delhi,22000,First Owner,5,110,Hero
Bajaj Pulsar 180cc,62500,Delhi,26000,First Owner,5,180,Bajaj
Yamaha YZF-R15 V3 150cc,122500,Delhi,10000,First Owner,3,150,Yamaha
Bajaj Platina 100cc,24500,Delhi,15000,First Owner,6,100,Bajaj
TVS Apache RTR 200 4V FI,78500,Delhi,26000,First Owner,4,200,TVS
Royal Enfield Bullet Twinspark 350cc,102500,Delhi,21000,First Owner,4,350,Royal Enfield
TVS Star City 110cc,28000,Bangalore,28428,First Owner,9,110,TVS
Royal Enfield Classic 350cc,130000,Delhi,10149,First Owner,3,350,Royal Enfield
Royal Enfield Classic 350cc,130000,Delhi,7036,First Owner,3,350,Royal Enfield
Bajaj Dominar 400,115000,Delhi,7593,First Owner,4,400,Bajaj
KTM RC 200cc,96000,Delhi,17000,First Owner,6,200,KTM
Bajaj Platina  Alloy ES-100cc,29500,Delhi,15798,First Owner,4,100,Bajaj
Yamaha YZF-R15 2.0 150cc,100000,Hyderabad,4800,First Owner,4,150,Yamaha
Royal Enfield Himalayan 410cc Fi ABS,177982,Hamirpur(hp),7000,First Owner,2,410,Royal Enfield
Royal Enfield Himalayan 410cc Fi ABS,202000,Bangalore,11000,First Owner,2,410,Royal Enfield
Suzuki Hayabusa 1300cc,950000,Chennai,312,First Owner,3,1300,Suzuki
KTM RC 200cc,113000,Kottayam,28000,Third Owner,6,200,KTM
Bajaj Avenger Street 220,45400,Delhi,23000,Second Owner,5,220,Bajaj
Royal Enfield Classic 350cc,105000,Delhi,16000,First Owner,4,350,Royal Enfield
Ducati Panigale 959,885000,Delhi,300,First Owner,2,959,Ducati
Yamaha FZs 150cc,30000,Arrah,50000,First Owner,6,150,Yamaha
Bajaj Platina 100cc,22000,Delhi,22000,First Owner,6,100,Bajaj
Royal Enfield Classic 350cc-Redditch Edition,115000,Delhi,10000,First Owner,4,350,Royal Enfield
Bajaj V15 150cc,55000,Patiala,3000,First Owner,4,150,Bajaj
Bajaj Discover 125ST,20000,Faridabad,55000,First Owner,9,125,Bajaj
Hero Splendor iSmart 110cc,56000,Ranga Reddy,16500,First Owner,4,110,Hero
TVS Sport 100cc,28000,Mandi,36000,First Owner,5,100,TVS
Hero Super Splendor 125cc,44000,Ludhiana,7329,First Owner,3,125,Hero
Bajaj Dominar 400 ABS,190000,Mandya,8780,First Owner,2,400,Bajaj
Royal Enfield Bullet Electra 350cc,78000,Siliguri,20000,First Owner,8,350,Royal Enfield
Honda CBF Stunner 125cc,18787,Bangalore,28164,First Owner,10,125,Honda
Bajaj Pulsar AS200,51500,Bangalore,20600,First Owner,6,200,Bajaj
Bajaj Avenger 220cc,54200,Mumbai,5700,First Owner,6,220,Bajaj
Royal Enfield Classic Desert Storm 500cc Dual Disc,175000,Hyderabad,11277,First Owner,3,500,Royal Enfield
Bajaj Avenger 220cc,48000,Aurangabad,26000,First Owner,7,220,Bajaj
Honda Livo 110cc,40000,Ludhiana,4000,First Owner,5,110,Honda
Bajaj Dominar 400 ABS,102400,Kanpur,11600,First Owner,4,400,Bajaj
Yamaha FZ V 2.0 150cc,65000,Chennai,8800,First Owner,3,150,Yamaha
KTM RC 390cc,170000,Bhilwara,2100,First Owner,4,390,KTM
Bajaj Pulsar 150cc,12999,Meerut,65000,First Owner,13,150,Bajaj
KTM Duke 200cc,87000,Mumbai,20000,First Owner,6,200,KTM
Bajaj Avenger 220cc,45600,Rewari,18000,Second Owner,5,220,Bajaj
Bajaj Pulsar 180cc,42000,Ahmednagar,58000,First Owner,7,180,Bajaj
Bajaj Pulsar NS200,47000,Delhi,24445,First Owner,8,200,Bajaj
Bajaj Discover 100M,31000,Delhi,34525,First Owner,7,100,Bajaj
Suzuki Gixxer SF 150cc SP Rear Disc,72500,Bangalore,19000,First Owner,4,150,Suzuki
Suzuki Gixxer 150cc,80999,Wardha,4000,First Owner,3,150,Suzuki
Bajaj Pulsar RS200,85000,Chandigarh,9148,First Owner,6,200,Bajaj
TVS Apache RTR 160cc,60000,Mumbai,16000,First Owner,5,160,TVS
Bajaj Dominar 400 ABS,148999,Ranchi,3694,First Owner,4,400,Bajaj
Bajaj V15 150cc,49000,Bangalore,7524,First Owner,5,150,Bajaj
Hero Passion Pro 100cc,30000,Delhi,23000,First Owner,8,100,Hero
KTM RC 200cc,140000,Panvel,12800,First Owner,6,200,KTM
KTM RC 390cc,237818,Delhi,1440,First Owner,2,390,KTM
Hero Splendor iSmart 110cc,56000,Ranga Reddy,16500,First Owner,4,110,Hero
TVS Sport 100cc,28000,Mandi,36000,First Owner,5,100,TVS
Yamaha SZ-RR 150cc,23600,Delhi,22672,Second Owner,6,150,Yamaha
Royal Enfield Thunderbird 500cc,100000,Bangalore,25000,First Owner,8,500,Royal Enfield
KTM RC 200cc,160700,Hyderabad,10000,First Owner,3,200,KTM
Royal Enfield Bullet Electra Twinspark 350cc,78000,Thane,34200,First Owner,6,350,Royal Enfield
Bajaj V15 150cc,45000,Jabalpur,7000,First Owner,4,150,Bajaj
Royal Enfield‎ Bullet 350cc,60000,Gurgaon,3490,First Owner,9,350,Royal Enfield
KTM RC 200cc,150000,Kota,7500,First Owner,5,200,KTM
Bajaj Discover 150F Disc,37000,Mumbai,13500,First Owner,5,150,Bajaj
Royal Enfield Classic 350cc,125000,Navi Mumbai,11000,First Owner,5,350,Royal Enfield
Bajaj Pulsar RS200,70000,Mumbai,56353,First Owner,5,200,Bajaj
Bajaj Pulsar 220cc,40000,Rohtak,25000,First Owner,7,220,Bajaj
Yamaha Saluto 125cc Disc Special Edition,62000,Delhi,1123,First Owner,2,125,Yamaha
Royal Enfield Interceptor 650cc,280000,Bangalore,1500,First Owner,2,650,Royal Enfield
Bajaj V15 150cc,44000,Rajkot,15000,First Owner,4,150,Bajaj
Royal Enfield Thunderbird 350cc,85000,Mumbai,31000,First Owner,7,350,Royal Enfield
Bajaj Avenger Cruise 220,51000,Gurgaon,28000,First Owner,5,220,Bajaj
Bajaj Avenger Street 220,75000,Delhi,11460,First Owner,3,220,Bajaj
KTM RC 390cc,160000,Ghaziabad,23000,First Owner,5,390,KTM
Bajaj Pulsar NS200,106000,Delhi,1175,First Owner,2,200,Bajaj
Triumph Street Triple ABS 675cc,599999,Mumbai,7800,Third Owner,5,675,Triumph
Honda CBR 250R ABS,85000,Delhi,15000,First Owner,7,250,Honda
Hero Splendor Plus 100cc,31500,Ahmedabad,28653,First Owner,8,100,Hero
Hyosung Aquila GV250,150000,Ahmednagar,8000,Second Owner,6,250,Hyosung
Jawa Forty Two 295CC,210000,Hosur,2100,First Owner,2,295,Jawa
Bajaj V12 125cc,50000,Delhi,3300,First Owner,4,125,Bajaj
Bajaj Discover 100M,29300,Varanasi,19000,First Owner,6,100,Bajaj
Bajaj V12 125cc Disc,35740,Rohtak,20400,First Owner,4,125,Bajaj
Yamaha FZs 150cc,24500,Rajkot,25000,First Owner,10,150,Yamaha
Hero Karizma ZMR 223cc,45000,Kanpur,18000,First Owner,7,223,Hero
KTM Duke 390cc,210000,Chennai,12000,First Owner,4,390,KTM
Bajaj Pulsar RS200,70000,Mumbai,56353,First Owner,5,200,Bajaj
Bajaj Discover 150F Disc,37000,Mumbai,13500,First Owner,5,150,Bajaj
KTM RC 200cc,150000,Kota,7500,First Owner,5,200,KTM
Royal Enfield Bullet Electra 350cc,71000,Delhi,11000,First Owner,9,350,Royal Enfield
Royal Enfield Thunderbird 500cc,100000,Bangalore,25000,First Owner,8,500,Royal Enfield
KTM RC 200cc,160700,Hyderabad,10000,First Owner,3,200,KTM
Royal Enfield Bullet Electra Twinspark 350cc,78000,Thane,34200,First Owner,6,350,Royal Enfield
Bajaj V15 150cc,45000,Jabalpur,7000,First Owner,4,150,Bajaj
Yamaha Fazer 25 250cc,80400,24 Pargana,5100,Second Owner,4,250,Yamaha
Royal Enfield Classic 350cc,135000,Delhi,2200,First Owner,4,350,Royal Enfield
Harley-Davidson Street 750,350000,Mumbai,3100,First Owner,6,750,Harley-Davidson
Hero Karizma ZMR 223cc,57000,Delhi,1500,First Owner,11,223,Hero
Hero Xpulse 200T,76000,Jalandhar,3000,First Owner,2,200,Hero
Bajaj Pulsar 150cc,42100,Kota,22560,First Owner,11,150,Bajaj
Yamaha YZF-R15 S 150cc,73000,Ludhiana,16658,First Owner,6,150,Yamaha
Benelli 302R 300CC,366000,Delhi,3135,First Owner,3,302,Benelli
Honda CB Hornet 160R CBS,61200,Banka,29000,Second Owner,3,160,Honda
Royal Enfield Bullet Electra 350cc,82000,Delhi,29860,First Owner,7,350,Royal Enfield
Royal Enfield Classic 350cc,120000,Chennai,12000,First Owner,5,350,Royal Enfield
Bajaj Pulsar 220cc,40000,Rohtak,25000,First Owner,7,220,Bajaj
TVS Apache RTR 160 4V Disc,80000,Delhi,7000,First Owner,3,160,TVS
Suzuki Gixxer 150cc SP ABS,81800,Bangalore,3700,First Owner,2,150,Suzuki
Bajaj Avenger 220cc,45900,Delhi,27000,First Owner,6,220,Bajaj
Royal Enfield Classic 350cc,125000,Navi Mumbai,11000,First Owner,5,350,Royal Enfield
Bajaj Pulsar NS200,86200,Bangalore,9300,First Owner,4,200,Bajaj
Hero Splendor Plus Kick Alloy 100cc,40000,Delhi,9000,First Owner,3,100,Hero
Hero Hunk 150cc,10000,Mumbai,21389,First Owner,12,150,Hero
Hyosung Aquila GV250,155000,Nagpur,13500,First Owner,5,250,Hyosung
Bajaj Pulsar NS200,46000,Mumbai,24374,First Owner,6,200,Bajaj
KTM RC 390cc,215000,Noida,9600,First Owner,4,390,KTM
Royal Enfield‎ Bullet 350cc,60000,Gurgaon,3490,First Owner,9,350,Royal Enfield
Honda Dream Yuga 110cc,23000,Delhi,37000,First Owner,7,110,Honda
Bajaj Avenger Cruise 220,55250,Pune,7781,Second Owner,3,220,Bajaj
Hero Passion Xpro 110cc,58000,Delhi,7758,First Owner,2,110,Hero
Yamaha FZ S V 2.0 150cc Rear Disc,66000,Delhi,8000,First Owner,3,150,Yamaha
Hero Karizma ZMR 223cc,55000,Hyderabad,32000,First Owner,7,223,Hero
Royal Enfield Classic 500cc,89730,Mumbai,12100,First Owner,9,500,Royal Enfield
Royal Enfield Classic 350cc,108000,Nagpur,26811,First Owner,6,350,Royal Enfield
Yamaha YZF-R3 320cc ABS,314100,Hyderabad,13500,First Owner,3,320,Yamaha
Royal Enfield Bullet 350 cc,125000,Hyderabad,16500,First Owner,39,350,Royal Enfield
Hero HF Deluxe 100cc,18800,Faridabad,10401,First Owner,8,100,Hero
Harley-Davidson Street 750,417000,Delhi,13000,Second Owner,5,750,Harley-Davidson
Bajaj Dominar 400 ABS,105000,Chennai,20500,First Owner,4,400,Bajaj
Honda CB Twister 110cc,20000,Bangalore,19211,First Owner,6,110,Honda
Royal Enfield Classic 350cc,88000,Chandigarh,22500,First Owner,10,350,Royal Enfield
Bajaj Pulsar 125cc Disc CBS,47000,Banki,14009,First Owner,2,125,Bajaj
Bajaj Avenger Street 220,95000,Delhi,11000,First Owner,2,220,Bajaj
Yamaha YZF-R15 V3 150cc,108000,Pune,2982,First Owner,3,150,Yamaha
KTM Duke 390cc,186100,Delhi,12000,First Owner,3,390,KTM
Honda CB Shine 125cc Drum BS6,81500,Pali,3000,First Owner,1,125,Honda
Bajaj CT 100 100cc,20000,Chhatarpur,30806,First Owner,5,100,Bajaj
Bajaj Pulsar 150cc,15000,Mumbai,55000,Second Owner,13,150,Bajaj
Bajaj V15 150cc,39000,Ludhiana,5000,First Owner,5,150,Bajaj
Royal Enfield Classic 350cc,102500,Delhi,29000,First Owner,5,350,Royal Enfield
Royal Enfield Classic 350cc,87000,Delhi,15000,First Owner,7,350,Royal Enfield
Bajaj Dominar 400 ABS,118000,Hyderabad,14500,First Owner,3,400,Bajaj
Royal Enfield Classic 350cc,131100,Gurgaon,6200,First Owner,4,350,Royal Enfield
Honda CBR 250R ABS,85000,Delhi,15000,First Owner,7,250,Honda
Royal Enfield Classic 350cc,108000,Nagpur,26811,First Owner,6,350,Royal Enfield
Royal Enfield Classic 350cc,131100,Gurgaon,6200,First Owner,4,350,Royal Enfield
Honda CB Hornet 160R STD,42000,Delhi,19000,First Owner,5,160,Honda
Honda Dream Neo 110cc,45000,Katihar,15000,First Owner,4,110,Honda
Royal Enfield Classic 350cc,87000,Delhi,15000,First Owner,7,350,Royal Enfield
Royal Enfield Classic 350cc,102500,Delhi,29000,First Owner,5,350,Royal Enfield
BMW G 310 R,255000,Mohali,2200,First Owner,3,310,BMW
TVS Apache RTR 160 4V Disc,78700,Rudrapur,3710,First Owner,2,160,TVS
Honda CBR 250R,62800,Mumbai,38400,Second Owner,7,250,Honda
Bajaj Pulsar AS150,35000,Delhi,18000,First Owner,6,150,Bajaj
Bajaj V15 150cc,33800,Delhi,17000,First Owner,5,150,Bajaj
Kawasaki Ninja 250cc,125000,Coimbatore,21000,Third Owner,11,250,Kawasaki
Royal Enfield Himalayan 410cc,146000,Hyderabad,4700,First Owner,5,410,Royal Enfield
Benelli TNT 899,569400,Jajpur,3174,First Owner,6,899,Benelli
Indian Chief Classic 1800cc,1900000,Chennai,1700,First Owner,6,1800,Indian
Kawasaki Ninja 650cc,600000,Bhubaneshwar,230,First Owner,1,650,Kawasaki
KTM RC 200cc,185000,Kolkata,3000,First Owner,2,200,KTM
Hero Passion Pro 100cc,32000,Delhi,32000,First Owner,5,100,Hero
Hero Super Splendor 125cc,38000,Delhi,21000,First Owner,4,125,Hero
Bajaj V15 150cc,35000,Bangalore,38717,First Owner,5,150,Bajaj
Hero Achiever 150cc,42000,Bangalore,1999,First Owner,3,150,Hero
TVS Apache 150cc,9350,Bangalore,39822,Second Owner,13,150,TVS
Kawasaki ER-6n 650cc,330000,Mumbai,7500,First Owner,5,650,Kawasaki
Hero HF Deluxe Self 100cc,36500,Ahmednagar,23000,First Owner,7,100,Hero
Hero Splendor Plus 100cc,38000,Pune,17376,Second Owner,5,100,Hero
Royal Enfield Standard 350cc,75000,Faridabad,33000,First Owner,8,350,Royal Enfield
BMW G 310 R,255000,Mohali,2200,First Owner,3,310,BMW
Honda CB Hornet 160R STD,42000,Delhi,19000,First Owner,5,160,Honda
Benelli TNT 300,230000,Chennai,9500,First Owner,4,300,Benelli
TVS Apache RTR 160cc,31500,Delhi,20000,First Owner,8,160,TVS
Bajaj Pulsar AS150,35000,Delhi,18000,First Owner,6,150,Bajaj
Honda CBR 250R,62800,Mumbai,38400,Second Owner,7,250,Honda
Royal Enfield Thunderbird 350cc,46000,Chennai,35000,First Owner,16,350,Royal Enfield
Royal Enfield Classic 350cc,109900,Delhi,8600,First Owner,5,350,Royal Enfield
TVS Apache 150cc,9350,Bangalore,39822,Second Owner,13,150,TVS
Bajaj V15 150cc,35000,Delhi,18000,First Owner,5,150,Bajaj
Bajaj Pulsar NS160,65000,Delhi,18000,First Owner,3,160,Bajaj
Jawa Forty Two 295CC,175000,Bangalore,1800,First Owner,2,295,Jawa
Royal Enfield Classic 350cc,126000,Bangalore,23000,First Owner,4,350,Royal Enfield
Honda CB Shine 125cc,25000,Hyderabad,29000,First Owner,9,125,Honda
Honda CB Unicorn 150cc,89000,Mumbai,5000,First Owner,2,150,Honda
Royal Enfield Classic Gunmetal Grey 350cc ABS,160000,Mumbai,7500,First Owner,2,350,Royal Enfield
Bajaj Pulsar RS200 ABS,130000,Mumbai,15000,First Owner,2,200,Bajaj
Honda CB Shine 125cc,33500,Pune,26000,Second Owner,12,125,Honda
Yamaha YZF-R15 V3 150cc,128000,Bangalore,8000,First Owner,3,150,Yamaha
Royal Enfield Classic 350cc,143000,Bangalore,7000,First Owner,3,350,Royal Enfield
Bajaj Pulsar 135LS,31000,Bangalore,31464,Second Owner,9,135,Bajaj
Suzuki Intruder 150cc,72000,Delhi,7419,First Owner,3,150,Suzuki
TVS Apache RTR 200 4V ABS Race Edition,108500,Delhi,10000,First Owner,2,200,TVS
Bajaj Pulsar 220F,74500,Delhi,10000,First Owner,4,220,Bajaj
Bajaj CT 100 B,24000,Delhi,6300,First Owner,4,100,Bajaj
Bajaj Pulsar 220cc,80000,Delhi,17000,First Owner,3,220,Bajaj
Bajaj Pulsar 220cc,81000,Bangalore,22000,First Owner,3,220,Bajaj
Royal Enfield Classic 350cc,115000,Delhi,15000,Second Owner,5,350,Royal Enfield
Bajaj Pulsar RS200 ABS,130000,Mumbai,15000,First Owner,2,200,Bajaj
Honda CB Shine 125cc,33500,Pune,26000,Second Owner,12,125,Honda
Yamaha YZF-R15 V3 150cc,128000,Bangalore,8000,First Owner,3,150,Yamaha
Royal Enfield Classic 350cc,143000,Bangalore,7000,First Owner,3,350,Royal Enfield
Bajaj Pulsar 135LS,31000,Bangalore,31464,Second Owner,9,135,Bajaj
Suzuki Intruder 150cc,72000,Delhi,7419,First Owner,3,150,Suzuki
TVS Apache RTR 200 4V ABS Race Edition,108500,Delhi,10000,First Owner,2,200,TVS
Bajaj Pulsar 220F,74500,Delhi,10000,First Owner,4,220,Bajaj
Bajaj CT 100 B,24000,Delhi,6300,First Owner,4,100,Bajaj
Bajaj Pulsar 220cc,80000,Delhi,17000,First Owner,3,220,Bajaj
Bajaj Pulsar 220cc,81000,Bangalore,22000,First Owner,3,220,Bajaj
Royal Enfield Classic 350cc,115000,Delhi,15000,Second Owner,5,350,Royal Enfield
Hero Passion Pro 110cc Drum,56500,Delhi,10000,First Owner,2,110,Hero
Bajaj Pulsar 220cc,75000,Bangalore,16000,First Owner,4,220,Bajaj
Yamaha YZF-R15 150cc,72000,Bangalore,32542,First Owner,6,150,Yamaha
Suzuki Gixxer 150cc,73000,Bangalore,7461,First Owner,4,150,Suzuki
Bajaj Pulsar NS200,69500,Delhi,28000,First Owner,6,200,Bajaj
TVS Apache RTR 160 4V Disc,78500,Delhi,9800,First Owner,3,160,TVS
TVS Apache RTR 160 4V DISC ABS,87000,Delhi,7000,First Owner,2,160,TVS
TVS Apache RTR 180cc,40000,Delhi,16688,Second Owner,6,180,TVS
Mahindra Mojo 300cc,145000,Thane,16000,First Owner,5,300,Mahindra
Royal Enfield Interceptor 650cc,265000,Bangalore,12900,First Owner,2,650,Royal Enfield
Benelli TNT 300,235000,Bangalore,7000,First Owner,4,300,Benelli
Harley-Davidson Street 750,400000,Noida,3000,First Owner,6,750,Harley-Davidson
Honda CB Twister 110cc,30000,Pune,11000,First Owner,13,110,Honda
KTM RC 200cc,140000,Nagpur,14000,First Owner,5,200,KTM
Yamaha FZ25 250cc,98000,Bangalore,17000,First Owner,3,250,Yamaha
Royal Enfield Thunderbird 350cc,74500,Delhi,5432,Second Owner,6,350,Royal Enfield
TVS Apache RTR 200 4V Carburetor,75000,Bangalore,3419,First Owner,3,200,TVS
Hero Ignitor Disc 125cc,27500,Mysore,25757,First Owner,8,125,Hero
TVS Apache 150cc,10200,Delhi,71474,First Owner,12,150,TVS
Bajaj Avenger Street 150,57000,Bangalore,17000,First Owner,5,150,Bajaj
TVS Apache RTR 160cc,21000,Delhi,34688,First Owner,13,160,TVS
Bajaj Pulsar NS160,68500,Delhi,8100,First Owner,3,160,Bajaj
KTM Duke 250cc,174500,Delhi,7900,First Owner,3,250,KTM
Royal Enfield Classic 350cc,108000,Delhi,20000,First Owner,5,350,Royal Enfield
Hero Passion Pro 100cc,32000,Delhi,32000,First Owner,5,100,Hero
Hero Super Splendor 125cc,38000,Delhi,21000,First Owner,4,125,Hero
Bajaj V15 150cc,35000,Bangalore,38717,First Owner,5,150,Bajaj
TVS Apache RTR 200 4V Carburetor,75000,Bangalore,3419,First Owner,3,200,TVS
Harley-Davidson Street 750,400000,Noida,3000,First Owner,6,750,Harley-Davidson
Suzuki Gixxer SF 150cc SP Rear Disc,50000,Delhi,12000,First Owner,4,150,Suzuki
Royal Enfield Continental GT 535cc,118000,Bangalore,12000,First Owner,7,535,Royal Enfield
Hero Ignitor Disc 125cc,27500,Mysore,25757,First Owner,8,125,Hero
Hero Glamour Disc 125cc,33000,Delhi,17525,First Owner,5,125,Hero
KTM RC 200cc,150000,Adoni,9000,First Owner,4,200,KTM
Bajaj Pulsar 220cc,70000,Jalandhar,5000,First Owner,4,220,Bajaj
Royal Enfield Bullet Electra Twinspark 350cc,105000,Bangalore,13200,First Owner,6,350,Royal Enfield
Bajaj Dominar 400,135000,Chennai,5000,First Owner,4,400,Bajaj
Bajaj Dominar 400 ABS,140000,Chennai,7500,First Owner,4,400,Bajaj
Hero Passion Xpro 110cc,26000,Bikaner,28000,First Owner,8,110,Hero
KTM RC 390cc,230000,Delhi,1100,First Owner,4,390,KTM
Honda CB Shine 125cc,53000,Ahmednagar,25000,First Owner,5,125,Honda
Bajaj Avenger Street 150,76000,Hyderabad,7500,First Owner,4,150,Bajaj
Bajaj Dominar 400,135000,Delhi,7000,First Owner,4,400,Bajaj
Bajaj V12 125cc Disc,45000,Gurgaon,10200,First Owner,4,125,Bajaj
Bajaj V15 150cc,60000,Delhi,3500,First Owner,4,150,Bajaj
Hero Splendor iSmart 110cc,40000,Delhi,15000,First Owner,4,110,Hero
Royal Enfield Classic 350cc,133000,Delhi,8000,First Owner,4,350,Royal Enfield
Bajaj Discover 100M,25000,Ahmedabad,33000,First Owner,7,100,Bajaj
Suzuki Gixxer SF Fi 150cc,99999,Bangalore,5500,First Owner,3,150,Suzuki
Honda CBR 250R ABS,130000,Delhi,14500,Second Owner,8,250,Honda
Hero HF Dawn 100cc,25000,Ahmedabad,40688,First Owner,5,100,Hero
Bajaj Pulsar 220F,75000,Delhi,15000,First Owner,4,220,Bajaj
Bajaj Pulsar 180cc,53000,Delhi,10000,First Owner,5,180,Bajaj
Suzuki Slingshot Plus 125cc,25000,Delhi,16801,First Owner,6,125,Suzuki
Bajaj Pulsar 150cc,46500,Ahmedabad,21342,First Owner,5,150,Bajaj
Mahindra Centuro Rockstar 110cc,18999,Pune,38669,Third Owner,6,110,Mahindra
Mahindra Centuro 110cc,17800,Malout,10000,First Owner,8,110,Mahindra
Bajaj Pulsar 180cc,52000,Delhi,17000,First Owner,4,180,Bajaj
Honda CB Hornet 160R Special Edition STD,70000,Ahmedabad,13500,First Owner,4,160,Honda
Yamaha YZF-R15 2.0 150cc,85000,Nadiad,7350,First Owner,5,150,Yamaha
Royal Enfield Classic 350cc,150000,Delhi,4000,First Owner,2,350,Royal Enfield
Royal Enfield Classic 350cc,115000,Jammu,27000,First Owner,5,350,Royal Enfield
Honda CBR 150R 150cc,93200,Gurgaon,6500,First Owner,5,150,Honda
KTM Duke 390cc,155000,Bangalore,21250,First Owner,5,390,KTM
Bajaj Pulsar RS200 ABS,78000,Delhi,16000,First Owner,6,200,Bajaj
Royal Enfield Thunderbird 350cc,85000,Bhubaneshwar,12600,First Owner,7,350,Royal Enfield
Bajaj Pulsar 150cc,43000,Delhi,32000,First Owner,5,150,Bajaj
TVS Apache RTR 160cc,50390,Ahmedabad,45949,First Owner,4,160,TVS
Royal Enfield Classic Chrome 500cc,128700,Bangalore,15900,Second Owner,5,500,Royal Enfield
Harley-Davidson Street Rod XG750A ABS,510000,Rajnandgaon,5600,First Owner,4,750,Harley-Davidson
Yamaha FZ S V 2.0 150cc,65000,Unnao,33000,First Owner,4,150,Yamaha
Honda CBR 150R 150cc,55000,Jaipur,2000,First Owner,9,150,Honda
Royal Enfield Bullet Electra Twinspark 350cc,126000,Delhi,6518,First Owner,4,350,Royal Enfield
Hero Splendor Plus IBS i3S 100cc,53300,Delhi,10000,First Owner,2,100,Hero
Bajaj Pulsar NS200,76000,Delhi,10000,First Owner,4,200,Bajaj
Bajaj Dominar 400 ABS,140000,Mumbai,10200,First Owner,4,400,Bajaj
Bajaj Discover 135cc,13600,Delhi,87267,First Owner,13,135,Bajaj
TVS Apache RTR 180cc,73000,Rohtak,2100,First Owner,3,180,TVS
Bajaj Discover 125cc,17000,Bangalore,28130,Second Owner,8,125,Bajaj
Bajaj Discover 150cc,29000,Gurgaon,39000,First Owner,6,150,Bajaj
